model,logloss,roc auc score,f1_score,MSE,accuracy,precision,recall,pr auc score
LightGBM Training set,1.0020572197898696,0.9709878885524342,0.9711922816885079,0.029012111447565915,0.970987888552434,0.9711198824483023,0.970987888552434,0.9965595352312508
LightGBM Validation set,2.318072088056218,0.8956641663029429,0.6761898291831767,0.06711378531662543,0.9328862146833746,0.9518250552400194,0.9328862146833746,0.7795571590737843
LightGBM Test set,2.0536848625874042,0.8966517718734288,0.69949793103685,0.059459177901985606,0.9405408220980143,0.9542095100962444,0.9405408220980143,0.7979766928648228
