model,logloss,roc auc score,f1_score,MSE,accuracy,precision,recall,pr auc score
Logistic Regression Training set,4.499382780079262,0.8697313920763512,0.8736608986552453,0.13026860792364875,0.8697313920763512,0.871245722381926,0.8697313920763512,0.9106586647276227
Logistic Regression Validation set,6.215933729144546,0.7913900040931791,0.4094343689342999,0.1799660085329077,0.8200339914670921,0.9176640290077432,0.8200339914670921,0.4432757022698297
Logistic Regression Test set,6.240543333028333,0.788318321114459,0.40732539902324444,0.1806785280292296,0.8193214719707703,0.9164499112097776,0.8193214719707703,0.3866160106329867
